timeStamp,elapsed,label,responseCode,responseMessage,threadName,dataType,success,failureMessage,bytes,sentBytes,grpThreads,allThreads,URL,Latency,IdleTime,Connect
1727391320306,520,conf3,200,OK,conf3 3-3,text,true,,231,157,11,33,http://localhost:8083/?token=492552074&user=2129825963&config=3,520,0,1
1727391320306,523,conf3,200,OK,conf3 3-2,text,true,,231,157,11,33,http://localhost:8083/?token=492552074&user=2129825963&config=3,523,0,1
1727391320307,522,conf3,200,OK,conf3 3-4,text,true,,231,157,11,33,http://localhost:8083/?token=492552074&user=2129825963&config=3,522,0,0
1727391320306,523,conf3,200,OK,conf3 3-1,text,true,,231,157,11,33,http://localhost:8083/?token=492552074&user=2129825963&config=3,523,0,0
1727391320307,522,conf3,200,OK,conf3 3-5,text,true,,231,157,11,33,http://localhost:8083/?token=492552074&user=2129825963&config=3,522,0,0
1727391320307,522,conf3,200,OK,conf3 3-10,text,true,,231,157,11,33,http://localhost:8083/?token=492552074&user=2129825963&config=3,522,0,0
1727391320307,551,conf3,200,OK,conf3 3-6,text,true,,231,157,11,33,http://localhost:8083/?token=492552074&user=2129825963&config=3,551,0,0
1727391320307,551,conf3,200,OK,conf3 3-7,text,true,,231,157,11,33,http://localhost:8083/?token=492552074&user=2129825963&config=3,551,0,0
1727391320307,551,conf3,200,OK,conf3 3-8,text,true,,231,157,11,33,http://localhost:8083/?token=492552074&user=2129825963&config=3,551,0,0
1727391320307,551,conf3,200,OK,conf3 3-9,text,true,,231,157,11,33,http://localhost:8083/?token=492552074&user=2129825963&config=3,551,0,0
1727391320307,823,conf3,200,OK,conf3 3-11,text,true,,231,157,11,33,http://localhost:8083/?token=492552074&user=2129825963&config=3,823,0,0
1727391320305,860,conf2,200,OK,conf2 2-4,text,true,,231,157,11,33,http://localhost:8083/?token=492552074&user=2129825963&config=2,860,0,0
1727391320306,870,conf2,200,OK,conf2 2-7,text,true,,231,157,11,33,http://localhost:8083/?token=492552074&user=2129825963&config=2,870,0,0
1727391320305,871,conf2,200,OK,conf2 2-1,text,true,,231,157,11,33,http://localhost:8083/?token=492552074&user=2129825963&config=2,871,0,0
1727391320305,871,conf2,200,OK,conf2 2-5,text,true,,231,157,11,33,http://localhost:8083/?token=492552074&user=2129825963&config=2,871,0,1
1727391320305,871,conf2,200,OK,conf2 2-6,text,true,,231,157,11,33,http://localhost:8083/?token=492552074&user=2129825963&config=2,871,0,1
1727391320306,870,conf2,200,OK,conf2 2-9,text,true,,231,157,11,33,http://localhost:8083/?token=492552074&user=2129825963&config=2,870,0,0
1727391320305,896,conf2,200,OK,conf2 2-3,text,true,,231,157,11,33,http://localhost:8083/?token=492552074&user=2129825963&config=2,896,0,0
1727391320306,895,conf2,200,OK,conf2 2-8,text,true,,231,157,11,33,http://localhost:8083/?token=492552074&user=2129825963&config=2,895,0,0
1727391320305,896,conf2,200,OK,conf2 2-2,text,true,,231,157,11,33,http://localhost:8083/?token=492552074&user=2129825963&config=2,896,0,0
1727391320306,895,conf2,200,OK,conf2 2-11,text,true,,231,157,11,33,http://localhost:8083/?token=492552074&user=2129825963&config=2,895,0,0
1727391320306,895,conf2,200,OK,conf2 2-10,text,true,,231,157,11,33,http://localhost:8083/?token=492552074&user=2129825963&config=2,895,0,0
1727391320304,1256,conf1,200,OK,conf1 1-10,text,false,"The operation lasted too long: It took 1,256 milliseconds, but should not have lasted longer than 930 milliseconds.",231,157,11,33,http://localhost:8083/?token=492552074&user=2129825963&config=1,1256,0,1
1727391320304,1273,conf1,200,OK,conf1 1-7,text,false,"The operation lasted too long: It took 1,273 milliseconds, but should not have lasted longer than 930 milliseconds.",231,157,11,33,http://localhost:8083/?token=492552074&user=2129825963&config=1,1273,0,0
1727391320304,1273,conf1,200,OK,conf1 1-11,text,false,"The operation lasted too long: It took 1,273 milliseconds, but should not have lasted longer than 930 milliseconds.",231,157,11,33,http://localhost:8083/?token=492552074&user=2129825963&config=1,1273,0,1
1727391320304,1273,conf1,200,OK,conf1 1-9,text,false,"The operation lasted too long: It took 1,273 milliseconds, but should not have lasted longer than 930 milliseconds.",231,157,11,33,http://localhost:8083/?token=492552074&user=2129825963&config=1,1273,0,1
1727391320304,1273,conf1,200,OK,conf1 1-6,text,false,"The operation lasted too long: It took 1,273 milliseconds, but should not have lasted longer than 930 milliseconds.",231,157,11,33,http://localhost:8083/?token=492552074&user=2129825963&config=1,1273,0,1
1727391320304,1273,conf1,200,OK,conf1 1-3,text,false,"The operation lasted too long: It took 1,273 milliseconds, but should not have lasted longer than 930 milliseconds.",231,157,11,33,http://localhost:8083/?token=492552074&user=2129825963&config=1,1273,0,1
1727391320304,1304,conf1,200,OK,conf1 1-8,text,false,"The operation lasted too long: It took 1,304 milliseconds, but should not have lasted longer than 930 milliseconds.",231,157,11,33,http://localhost:8083/?token=492552074&user=2129825963&config=1,1304,0,1
1727391320304,1304,conf1,200,OK,conf1 1-5,text,false,"The operation lasted too long: It took 1,304 milliseconds, but should not have lasted longer than 930 milliseconds.",231,157,11,33,http://localhost:8083/?token=492552074&user=2129825963&config=1,1304,0,1
1727391320304,1304,conf1,200,OK,conf1 1-1,text,false,"The operation lasted too long: It took 1,304 milliseconds, but should not have lasted longer than 930 milliseconds.",231,157,11,33,http://localhost:8083/?token=492552074&user=2129825963&config=1,1304,0,0
1727391320304,1304,conf1,200,OK,conf1 1-2,text,false,"The operation lasted too long: It took 1,304 milliseconds, but should not have lasted longer than 930 milliseconds.",231,157,11,33,http://localhost:8083/?token=492552074&user=2129825963&config=1,1304,0,1
1727391320304,1304,conf1,200,OK,conf1 1-4,text,false,"The operation lasted too long: It took 1,304 milliseconds, but should not have lasted longer than 930 milliseconds.",231,157,11,33,http://localhost:8083/?token=492552074&user=2129825963&config=1,1304,0,1
1727391321808,424,conf3,200,OK,conf3 3-1,text,true,,231,157,11,33,http://localhost:8083/?token=492552074&user=2129825963&config=3,424,0,0
1727391321808,425,conf3,200,OK,conf3 3-3,text,true,,231,157,11,33,http://localhost:8083/?token=492552074&user=2129825963&config=3,425,0,0
1727391321808,425,conf3,200,OK,conf3 3-4,text,true,,231,157,11,33,http://localhost:8083/?token=492552074&user=2129825963&config=3,425,0,0
1727391321808,426,conf3,200,OK,conf3 3-8,text,true,,231,157,11,33,http://localhost:8083/?token=492552074&user=2129825963&config=3,426,0,0
1727391321808,426,conf3,200,OK,conf3 3-10,text,true,,231,157,11,33,http://localhost:8083/?token=492552074&user=2129825963&config=3,426,0,0
1727391321809,425,conf3,200,OK,conf3 3-9,text,true,,231,157,11,33,http://localhost:8083/?token=492552074&user=2129825963&config=3,425,0,0
1727391321808,449,conf3,200,OK,conf3 3-5,text,true,,231,157,11,33,http://localhost:8083/?token=492552074&user=2129825963&config=3,449,0,0
1727391321808,448,conf3,200,OK,conf3 3-2,text,true,,231,157,11,33,http://localhost:8083/?token=492552074&user=2129825963&config=3,448,0,0
1727391321808,450,conf3,200,OK,conf3 3-7,text,true,,231,157,11,33,http://localhost:8083/?token=492552074&user=2129825963&config=3,450,0,0
1727391321808,450,conf3,200,OK,conf3 3-11,text,true,,231,157,11,33,http://localhost:8083/?token=492552074&user=2129825963&config=3,450,0,0
1727391321810,446,conf3,200,OK,conf3 3-6,text,true,,231,157,11,33,http://localhost:8083/?token=492552074&user=2129825963&config=3,446,0,0
1727391321808,827,conf2,200,OK,conf2 2-4,text,true,,231,157,11,33,http://localhost:8083/?token=492552074&user=2129825963&config=2,826,0,0
1727391321808,828,conf2,200,OK,conf2 2-6,text,true,,231,157,11,33,http://localhost:8083/?token=492552074&user=2129825963&config=2,828,0,0
1727391321809,827,conf2,200,OK,conf2 2-10,text,true,,231,157,11,33,http://localhost:8083/?token=492552074&user=2129825963&config=2,827,0,0
1727391321808,828,conf2,200,OK,conf2 2-11,text,true,,231,157,11,33,http://localhost:8083/?token=492552074&user=2129825963&config=2,828,0,0
1727391321808,827,conf2,200,OK,conf2 2-2,text,true,,231,157,11,33,http://localhost:8083/?token=492552074&user=2129825963&config=2,827,0,0
1727391321810,825,conf2,200,OK,conf2 2-5,text,true,,231,157,11,33,http://localhost:8083/?token=492552074&user=2129825963&config=2,825,0,0
1727391321810,953,conf2,200,OK,conf2 2-8,text,false,"The operation lasted too long: It took 953 milliseconds, but should not have lasted longer than 930 milliseconds.",231,157,11,33,http://localhost:8083/?token=492552074&user=2129825963&config=2,953,0,0
1727391321808,955,conf2,200,OK,conf2 2-7,text,false,"The operation lasted too long: It took 955 milliseconds, but should not have lasted longer than 930 milliseconds.",231,157,11,33,http://localhost:8083/?token=492552074&user=2129825963&config=2,955,0,0
1727391321808,954,conf2,200,OK,conf2 2-1,text,false,"The operation lasted too long: It took 954 milliseconds, but should not have lasted longer than 930 milliseconds.",231,157,11,33,http://localhost:8083/?token=492552074&user=2129825963&config=2,954,0,0
1727391321809,955,conf2,200,OK,conf2 2-9,text,false,"The operation lasted too long: It took 955 milliseconds, but should not have lasted longer than 930 milliseconds.",231,157,11,33,http://localhost:8083/?token=492552074&user=2129825963&config=2,955,0,0
1727391321808,954,conf2,200,OK,conf2 2-3,text,false,"The operation lasted too long: It took 954 milliseconds, but should not have lasted longer than 930 milliseconds.",231,157,11,33,http://localhost:8083/?token=492552074&user=2129825963&config=2,954,0,0
1727391321808,1156,conf1,200,OK,conf1 1-11,text,false,"The operation lasted too long: It took 1,156 milliseconds, but should not have lasted longer than 930 milliseconds.",231,157,11,33,http://localhost:8083/?token=492552074&user=2129825963&config=1,1156,0,0
1727391321808,1180,conf1,200,OK,conf1 1-9,text,false,"The operation lasted too long: It took 1,180 milliseconds, but should not have lasted longer than 930 milliseconds.",231,157,11,33,http://localhost:8083/?token=492552074&user=2129825963&config=1,1180,0,0
1727391321808,1180,conf1,200,OK,conf1 1-10,text,false,"The operation lasted too long: It took 1,180 milliseconds, but should not have lasted longer than 930 milliseconds.",231,157,11,33,http://localhost:8083/?token=492552074&user=2129825963&config=1,1180,0,0
1727391321808,1180,conf1,200,OK,conf1 1-7,text,false,"The operation lasted too long: It took 1,180 milliseconds, but should not have lasted longer than 930 milliseconds.",231,157,11,33,http://localhost:8083/?token=492552074&user=2129825963&config=1,1180,0,0
1727391321808,1180,conf1,200,OK,conf1 1-8,text,false,"The operation lasted too long: It took 1,180 milliseconds, but should not have lasted longer than 930 milliseconds.",231,157,11,33,http://localhost:8083/?token=492552074&user=2129825963&config=1,1180,0,0
1727391321808,1180,conf1,200,OK,conf1 1-5,text,false,"The operation lasted too long: It took 1,180 milliseconds, but should not have lasted longer than 930 milliseconds.",231,157,11,33,http://localhost:8083/?token=492552074&user=2129825963&config=1,1180,0,0
1727391321808,1205,conf1,200,OK,conf1 1-3,text,false,"The operation lasted too long: It took 1,205 milliseconds, but should not have lasted longer than 930 milliseconds.",231,157,11,33,http://localhost:8083/?token=492552074&user=2129825963&config=1,1205,0,0
1727391321808,1205,conf1,200,OK,conf1 1-1,text,false,"The operation lasted too long: It took 1,205 milliseconds, but should not have lasted longer than 930 milliseconds.",231,157,11,33,http://localhost:8083/?token=492552074&user=2129825963&config=1,1205,0,0
1727391321808,1205,conf1,200,OK,conf1 1-4,text,false,"The operation lasted too long: It took 1,205 milliseconds, but should not have lasted longer than 930 milliseconds.",231,157,11,33,http://localhost:8083/?token=492552074&user=2129825963&config=1,1205,0,0
1727391321808,1205,conf1,200,OK,conf1 1-2,text,false,"The operation lasted too long: It took 1,205 milliseconds, but should not have lasted longer than 930 milliseconds.",231,157,11,33,http://localhost:8083/?token=492552074&user=2129825963&config=1,1205,0,0
1727391321809,1510,conf1,200,OK,conf1 1-6,text,false,"The operation lasted too long: It took 1,510 milliseconds, but should not have lasted longer than 930 milliseconds.",231,157,11,33,http://localhost:8083/?token=492552074&user=2129825963&config=1,1510,0,0
1727391323312,425,conf3,200,OK,conf3 3-5,text,true,,231,157,11,33,http://localhost:8083/?token=492552074&user=2129825963&config=3,425,0,0
1727391323312,427,conf3,200,OK,conf3 3-3,text,true,,231,157,11,33,http://localhost:8083/?token=492552074&user=2129825963&config=3,427,0,0
1727391323308,431,conf3,200,OK,conf3 3-1,text,true,,231,157,11,33,http://localhost:8083/?token=492552074&user=2129825963&config=3,431,0,0
1727391323312,428,conf3,200,OK,conf3 3-4,text,true,,231,157,11,33,http://localhost:8083/?token=492552074&user=2129825963&config=3,428,0,0
1727391323312,428,conf3,200,OK,conf3 3-6,text,true,,231,157,11,33,http://localhost:8083/?token=492552074&user=2129825963&config=3,428,0,0
1727391323312,428,conf3,200,OK,conf3 3-11,text,true,,231,157,11,33,http://localhost:8083/?token=492552074&user=2129825963&config=3,428,0,0
1727391323312,458,conf3,200,OK,conf3 3-8,text,true,,231,157,11,33,http://localhost:8083/?token=492552074&user=2129825963&config=3,458,0,0
1727391323310,460,conf3,200,OK,conf3 3-2,text,true,,231,157,11,33,http://localhost:8083/?token=492552074&user=2129825963&config=3,460,0,0
1727391323312,458,conf3,200,OK,conf3 3-9,text,true,,231,157,11,33,http://localhost:8083/?token=492552074&user=2129825963&config=3,458,0,0
1727391323311,459,conf3,200,OK,conf3 3-7,text,true,,231,157,11,33,http://localhost:8083/?token=492552074&user=2129825963&config=3,459,0,0
1727391323312,458,conf3,200,OK,conf3 3-10,text,true,,231,157,11,33,http://localhost:8083/?token=492552074&user=2129825963&config=3,458,0,0
1727391323308,830,conf2,200,OK,conf2 2-5,text,true,,231,157,11,33,http://localhost:8083/?token=492552074&user=2129825963&config=2,830,0,0
1727391323309,831,conf2,200,OK,conf2 2-3,text,true,,231,157,11,33,http://localhost:8083/?token=492552074&user=2129825963&config=2,831,0,0
1727391323308,832,conf2,200,OK,conf2 2-2,text,true,,231,157,11,33,http://localhost:8083/?token=492552074&user=2129825963&config=2,832,0,0
1727391323308,833,conf2,200,OK,conf2 2-10,text,true,,231,157,11,33,http://localhost:8083/?token=492552074&user=2129825963&config=2,833,0,0
1727391323307,834,conf2,200,OK,conf2 2-8,text,true,,231,157,11,33,http://localhost:8083/?token=492552074&user=2129825963&config=2,834,0,0
1727391323307,834,conf2,200,OK,conf2 2-7,text,true,,231,157,11,33,http://localhost:8083/?token=492552074&user=2129825963&config=2,834,0,0
1727391323309,859,conf2,200,OK,conf2 2-4,text,true,,231,157,11,33,http://localhost:8083/?token=492552074&user=2129825963&config=2,859,0,0
1727391323309,859,conf2,200,OK,conf2 2-1,text,true,,231,157,11,33,http://localhost:8083/?token=492552074&user=2129825963&config=2,859,0,0
1727391323308,861,conf2,200,OK,conf2 2-9,text,true,,231,157,11,33,http://localhost:8083/?token=492552074&user=2129825963&config=2,861,0,0
1727391323307,862,conf2,200,OK,conf2 2-6,text,true,,231,157,11,33,http://localhost:8083/?token=492552074&user=2129825963&config=2,862,0,0
1727391323310,859,conf2,200,OK,conf2 2-11,text,true,,231,157,11,33,http://localhost:8083/?token=492552074&user=2129825963&config=2,859,0,0
1727391323309,1234,conf1,200,OK,conf1 1-4,text,false,"The operation lasted too long: It took 1,234 milliseconds, but should not have lasted longer than 930 milliseconds.",231,157,11,33,http://localhost:8083/?token=492552074&user=2129825963&config=1,1234,0,0
1727391323309,1238,conf1,200,OK,conf1 1-1,text,false,"The operation lasted too long: It took 1,238 milliseconds, but should not have lasted longer than 930 milliseconds.",231,157,11,33,http://localhost:8083/?token=492552074&user=2129825963&config=1,1238,0,0
1727391323309,1238,conf1,200,OK,conf1 1-2,text,false,"The operation lasted too long: It took 1,238 milliseconds, but should not have lasted longer than 930 milliseconds.",231,157,11,33,http://localhost:8083/?token=492552074&user=2129825963&config=1,1238,0,0
1727391323310,1237,conf1,200,OK,conf1 1-9,text,false,"The operation lasted too long: It took 1,237 milliseconds, but should not have lasted longer than 930 milliseconds.",231,157,11,33,http://localhost:8083/?token=492552074&user=2129825963&config=1,1237,0,0
1727391323308,1239,conf1,200,OK,conf1 1-3,text,false,"The operation lasted too long: It took 1,239 milliseconds, but should not have lasted longer than 930 milliseconds.",231,157,11,33,http://localhost:8083/?token=492552074&user=2129825963&config=1,1239,0,0
1727391323310,1237,conf1,200,OK,conf1 1-8,text,false,"The operation lasted too long: It took 1,237 milliseconds, but should not have lasted longer than 930 milliseconds.",231,157,11,33,http://localhost:8083/?token=492552074&user=2129825963&config=1,1237,0,0
1727391323309,1263,conf1,200,OK,conf1 1-5,text,false,"The operation lasted too long: It took 1,263 milliseconds, but should not have lasted longer than 930 milliseconds.",231,157,11,33,http://localhost:8083/?token=492552074&user=2129825963&config=1,1263,0,0
1727391323310,1262,conf1,200,OK,conf1 1-7,text,false,"The operation lasted too long: It took 1,262 milliseconds, but should not have lasted longer than 930 milliseconds.",231,157,11,33,http://localhost:8083/?token=492552074&user=2129825963&config=1,1262,0,0
1727391323309,1263,conf1,200,OK,conf1 1-10,text,false,"The operation lasted too long: It took 1,263 milliseconds, but should not have lasted longer than 930 milliseconds.",231,157,11,33,http://localhost:8083/?token=492552074&user=2129825963&config=1,1263,0,0
1727391323310,1262,conf1,200,OK,conf1 1-11,text,false,"The operation lasted too long: It took 1,262 milliseconds, but should not have lasted longer than 930 milliseconds.",231,157,11,33,http://localhost:8083/?token=492552074&user=2129825963&config=1,1262,0,0
1727391323320,2022,conf1,200,OK,conf1 1-6,text,false,"The operation lasted too long: It took 2,022 milliseconds, but should not have lasted longer than 930 milliseconds.",231,157,11,33,http://localhost:8083/?token=492552074&user=2129825963&config=1,2022,0,0
1727391324810,536,conf3,200,OK,conf3 3-2,text,true,,231,157,11,33,http://localhost:8083/?token=492552074&user=2129825963&config=3,536,0,0
1727391324811,535,conf3,200,OK,conf3 3-1,text,true,,231,157,11,33,http://localhost:8083/?token=492552074&user=2129825963&config=3,535,0,0
1727391324813,533,conf3,200,OK,conf3 3-3,text,true,,231,157,11,33,http://localhost:8083/?token=492552074&user=2129825963&config=3,533,0,0
1727391324813,533,conf3,200,OK,conf3 3-4,text,true,,231,157,11,33,http://localhost:8083/?token=492552074&user=2129825963&config=3,533,0,0
1727391324811,536,conf3,200,OK,conf3 3-6,text,true,,231,157,11,33,http://localhost:8083/?token=492552074&user=2129825963&config=3,536,0,0
1727391324813,534,conf3,200,OK,conf3 3-5,text,true,,231,157,11,33,http://localhost:8083/?token=492552074&user=2129825963&config=3,534,0,0
1727391324810,537,conf3,200,OK,conf3 3-8,text,true,,231,157,11,33,http://localhost:8083/?token=492552074&user=2129825963&config=3,537,0,0
1727391324813,534,conf3,200,OK,conf3 3-10,text,true,,231,157,11,33,http://localhost:8083/?token=492552074&user=2129825963&config=3,534,0,0
1727391324812,535,conf3,200,OK,conf3 3-9,text,true,,231,157,11,33,http://localhost:8083/?token=492552074&user=2129825963&config=3,535,0,0
1727391324812,535,conf3,200,OK,conf3 3-11,text,true,,231,157,11,33,http://localhost:8083/?token=492552074&user=2129825963&config=3,535,0,0
1727391324812,559,conf3,200,OK,conf3 3-7,text,true,,231,157,11,33,http://localhost:8083/?token=492552074&user=2129825963&config=3,559,0,0
1727391324810,933,conf2,200,OK,conf2 2-7,text,false,"The operation lasted too long: It took 933 milliseconds, but should not have lasted longer than 930 milliseconds.",231,157,11,33,http://localhost:8083/?token=492552074&user=2129825963&config=2,933,0,0
1727391324811,934,conf2,200,OK,conf2 2-3,text,false,"The operation lasted too long: It took 934 milliseconds, but should not have lasted longer than 930 milliseconds.",231,157,11,33,http://localhost:8083/?token=492552074&user=2129825963&config=2,934,0,0
1727391324810,935,conf2,200,OK,conf2 2-4,text,false,"The operation lasted too long: It took 935 milliseconds, but should not have lasted longer than 930 milliseconds.",231,157,11,33,http://localhost:8083/?token=492552074&user=2129825963&config=2,935,0,0
1727391324812,934,conf2,200,OK,conf2 2-6,text,false,"The operation lasted too long: It took 934 milliseconds, but should not have lasted longer than 930 milliseconds.",231,157,11,33,http://localhost:8083/?token=492552074&user=2129825963&config=2,934,0,0
1727391324809,937,conf2,200,OK,conf2 2-10,text,false,"The operation lasted too long: It took 937 milliseconds, but should not have lasted longer than 930 milliseconds.",231,157,11,33,http://localhost:8083/?token=492552074&user=2129825963&config=2,937,0,0
1727391324811,935,conf2,200,OK,conf2 2-11,text,false,"The operation lasted too long: It took 935 milliseconds, but should not have lasted longer than 930 milliseconds.",231,157,11,33,http://localhost:8083/?token=492552074&user=2129825963&config=2,935,0,0
1727391324811,961,conf2,200,OK,conf2 2-1,text,false,"The operation lasted too long: It took 961 milliseconds, but should not have lasted longer than 930 milliseconds.",231,157,11,33,http://localhost:8083/?token=492552074&user=2129825963&config=2,961,0,0
1727391324811,961,conf2,200,OK,conf2 2-2,text,false,"The operation lasted too long: It took 961 milliseconds, but should not have lasted longer than 930 milliseconds.",231,157,11,33,http://localhost:8083/?token=492552074&user=2129825963&config=2,961,0,0
1727391324811,962,conf2,200,OK,conf2 2-5,text,false,"The operation lasted too long: It took 962 milliseconds, but should not have lasted longer than 930 milliseconds.",231,157,11,33,http://localhost:8083/?token=492552074&user=2129825963&config=2,962,0,0
1727391324812,961,conf2,200,OK,conf2 2-8,text,false,"The operation lasted too long: It took 961 milliseconds, but should not have lasted longer than 930 milliseconds.",231,157,11,33,http://localhost:8083/?token=492552074&user=2129825963&config=2,961,0,0
1727391324811,962,conf2,200,OK,conf2 2-9,text,false,"The operation lasted too long: It took 962 milliseconds, but should not have lasted longer than 930 milliseconds.",231,157,11,33,http://localhost:8083/?token=492552074&user=2129825963&config=2,962,0,0
1727391324808,1237,conf1,200,OK,conf1 1-1,text,false,"The operation lasted too long: It took 1,237 milliseconds, but should not have lasted longer than 930 milliseconds.",231,157,11,33,http://localhost:8083/?token=492552074&user=2129825963&config=1,1237,0,0
1727391324810,1252,conf1,200,OK,conf1 1-2,text,false,"The operation lasted too long: It took 1,252 milliseconds, but should not have lasted longer than 930 milliseconds.",231,157,11,33,http://localhost:8083/?token=492552074&user=2129825963&config=1,1252,0,0
1727391324809,1253,conf1,200,OK,conf1 1-4,text,false,"The operation lasted too long: It took 1,253 milliseconds, but should not have lasted longer than 930 milliseconds.",231,157,11,33,http://localhost:8083/?token=492552074&user=2129825963&config=1,1253,0,0
1727391324808,1255,conf1,200,OK,conf1 1-3,text,false,"The operation lasted too long: It took 1,255 milliseconds, but should not have lasted longer than 930 milliseconds.",231,157,11,33,http://localhost:8083/?token=492552074&user=2129825963&config=1,1255,0,0
1727391324809,1253,conf1,200,OK,conf1 1-7,text,false,"The operation lasted too long: It took 1,253 milliseconds, but should not have lasted longer than 930 milliseconds.",231,157,11,33,http://localhost:8083/?token=492552074&user=2129825963&config=1,1253,0,0
1727391324809,1254,conf1,200,OK,conf1 1-5,text,false,"The operation lasted too long: It took 1,254 milliseconds, but should not have lasted longer than 930 milliseconds.",231,157,11,33,http://localhost:8083/?token=492552074&user=2129825963&config=1,1254,0,0
1727391324812,1375,conf1,200,OK,conf1 1-8,text,false,"The operation lasted too long: It took 1,375 milliseconds, but should not have lasted longer than 930 milliseconds.",231,157,11,33,http://localhost:8083/?token=492552074&user=2129825963&config=1,1375,0,0
1727391324812,1375,conf1,200,OK,conf1 1-11,text,false,"The operation lasted too long: It took 1,375 milliseconds, but should not have lasted longer than 930 milliseconds.",231,157,11,33,http://localhost:8083/?token=492552074&user=2129825963&config=1,1375,0,0
1727391324812,1375,conf1,200,OK,conf1 1-10,text,false,"The operation lasted too long: It took 1,375 milliseconds, but should not have lasted longer than 930 milliseconds.",231,157,11,33,http://localhost:8083/?token=492552074&user=2129825963&config=1,1375,0,0
1727391324812,1375,conf1,200,OK,conf1 1-9,text,false,"The operation lasted too long: It took 1,375 milliseconds, but should not have lasted longer than 930 milliseconds.",231,157,11,33,http://localhost:8083/?token=492552074&user=2129825963&config=1,1375,0,0
1727391325343,1303,conf1,200,OK,conf1 1-6,text,false,"The operation lasted too long: It took 1,303 milliseconds, but should not have lasted longer than 930 milliseconds.",231,157,11,33,http://localhost:8083/?token=492552074&user=2129825963&config=1,1303,0,0
1727391326311,511,conf3,200,OK,conf3 3-1,text,true,,231,157,11,33,http://localhost:8083/?token=492552074&user=2129825963&config=3,511,0,0
1727391326312,528,conf3,200,OK,conf3 3-3,text,true,,231,157,10,32,http://localhost:8083/?token=492552074&user=2129825963&config=3,528,0,0
1727391326312,528,conf3,200,OK,conf3 3-4,text,true,,231,157,10,32,http://localhost:8083/?token=492552074&user=2129825963&config=3,528,0,0
1727391326311,529,conf3,200,OK,conf3 3-2,text,true,,231,157,10,32,http://localhost:8083/?token=492552074&user=2129825963&config=3,529,0,0
1727391326312,528,conf3,200,OK,conf3 3-5,text,true,,231,157,10,32,http://localhost:8083/?token=492552074&user=2129825963&config=3,528,0,0
1727391326311,529,conf3,200,OK,conf3 3-11,text,true,,231,157,10,32,http://localhost:8083/?token=492552074&user=2129825963&config=3,529,0,0
1727391326312,553,conf3,200,OK,conf3 3-10,text,true,,231,157,5,27,http://localhost:8083/?token=492552074&user=2129825963&config=3,553,0,0
1727391326312,553,conf3,200,OK,conf3 3-7,text,true,,231,157,5,27,http://localhost:8083/?token=492552074&user=2129825963&config=3,553,0,0
1727391326312,553,conf3,200,OK,conf3 3-9,text,true,,231,157,5,27,http://localhost:8083/?token=492552074&user=2129825963&config=3,553,0,0
1727391326312,553,conf3,200,OK,conf3 3-6,text,true,,231,157,5,27,http://localhost:8083/?token=492552074&user=2129825963&config=3,553,0,0
1727391326312,808,conf3,200,OK,conf3 3-8,text,true,,231,157,1,23,http://localhost:8083/?token=492552074&user=2129825963&config=3,808,0,0
1727391326309,889,conf2,200,OK,conf2 2-3,text,true,,231,157,11,22,http://localhost:8083/?token=492552074&user=2129825963&config=2,889,0,0
1727391326310,900,conf2,200,OK,conf2 2-7,text,true,,231,157,10,21,http://localhost:8083/?token=492552074&user=2129825963&config=2,900,0,0
1727391326309,901,conf2,200,OK,conf2 2-1,text,true,,231,157,10,21,http://localhost:8083/?token=492552074&user=2129825963&config=2,901,0,0
1727391326310,900,conf2,200,OK,conf2 2-4,text,true,,231,157,10,21,http://localhost:8083/?token=492552074&user=2129825963&config=2,900,0,0
1727391326310,900,conf2,200,OK,conf2 2-5,text,true,,231,157,10,21,http://localhost:8083/?token=492552074&user=2129825963&config=2,900,0,0
1727391326310,900,conf2,200,OK,conf2 2-2,text,true,,231,157,10,21,http://localhost:8083/?token=492552074&user=2129825963&config=2,900,0,0
1727391326310,926,conf2,200,OK,conf2 2-11,text,true,,231,157,5,16,http://localhost:8083/?token=492552074&user=2129825963&config=2,925,0,0
1727391326310,925,conf2,200,OK,conf2 2-9,text,true,,231,157,5,16,http://localhost:8083/?token=492552074&user=2129825963&config=2,925,0,0
1727391326310,925,conf2,200,OK,conf2 2-8,text,true,,231,157,5,16,http://localhost:8083/?token=492552074&user=2129825963&config=2,925,0,0
1727391326311,924,conf2,200,OK,conf2 2-10,text,true,,231,157,5,16,http://localhost:8083/?token=492552074&user=2129825963&config=2,924,0,0
1727391326311,925,conf2,200,OK,conf2 2-6,text,true,,231,157,5,16,http://localhost:8083/?token=492552074&user=2129825963&config=2,925,0,0
1727391326307,1346,conf1,200,OK,conf1 1-1,text,false,"The operation lasted too long: It took 1,346 milliseconds, but should not have lasted longer than 930 milliseconds.",231,157,11,11,http://localhost:8083/?token=492552074&user=2129825963&config=1,1346,0,0
1727391326304,1349,conf1,200,OK,conf1 1-3,text,false,"The operation lasted too long: It took 1,349 milliseconds, but should not have lasted longer than 930 milliseconds.",231,157,11,11,http://localhost:8083/?token=492552074&user=2129825963&config=1,1349,0,0
1727391326308,1345,conf1,200,OK,conf1 1-9,text,false,"The operation lasted too long: It took 1,345 milliseconds, but should not have lasted longer than 930 milliseconds.",231,157,11,11,http://localhost:8083/?token=492552074&user=2129825963&config=1,1345,0,0
1727391326304,1349,conf1,200,OK,conf1 1-2,text,false,"The operation lasted too long: It took 1,349 milliseconds, but should not have lasted longer than 930 milliseconds.",231,157,11,11,http://localhost:8083/?token=492552074&user=2129825963&config=1,1349,0,0
1727391326308,1345,conf1,200,OK,conf1 1-4,text,false,"The operation lasted too long: It took 1,345 milliseconds, but should not have lasted longer than 930 milliseconds.",231,157,11,11,http://localhost:8083/?token=492552074&user=2129825963&config=1,1345,0,0
1727391326307,1346,conf1,200,OK,conf1 1-5,text,false,"The operation lasted too long: It took 1,346 milliseconds, but should not have lasted longer than 930 milliseconds.",231,157,11,11,http://localhost:8083/?token=492552074&user=2129825963&config=1,1346,0,0
1727391326308,1371,conf1,200,OK,conf1 1-8,text,false,"The operation lasted too long: It took 1,371 milliseconds, but should not have lasted longer than 930 milliseconds.",231,157,5,5,http://localhost:8083/?token=492552074&user=2129825963&config=1,1371,0,0
1727391326311,1368,conf1,200,OK,conf1 1-10,text,false,"The operation lasted too long: It took 1,368 milliseconds, but should not have lasted longer than 930 milliseconds.",231,157,5,5,http://localhost:8083/?token=492552074&user=2129825963&config=1,1368,0,0
1727391326308,1371,conf1,200,OK,conf1 1-7,text,false,"The operation lasted too long: It took 1,371 milliseconds, but should not have lasted longer than 930 milliseconds.",231,157,5,5,http://localhost:8083/?token=492552074&user=2129825963&config=1,1371,0,0
1727391326309,1370,conf1,200,OK,conf1 1-11,text,false,"The operation lasted too long: It took 1,370 milliseconds, but should not have lasted longer than 930 milliseconds.",231,157,5,5,http://localhost:8083/?token=492552074&user=2129825963&config=1,1370,0,0
1727391326848,1404,conf1,200,OK,conf1 1-6,text,false,"The operation lasted too long: It took 1,404 milliseconds, but should not have lasted longer than 930 milliseconds.",231,157,1,1,http://localhost:8083/?token=492552074&user=2129825963&config=1,1404,0,0
